{"cameraMode":{"drawMode":0,"name":"Shaded","section":"Shading Mode"},"sceneLighting":true,"audioPlay":false,"sceneViewState":{"m_AlwaysRefresh":false,"showFog":true,"showSkybox":true,"showFlares":true,"showImageEffects":true,"showParticleSystems":true,"showVisualEffectGraphs":true,"m_FxEnabled":true},"in2DMode":false,"pivot":{"x":4.701761245727539,"y":-0.9596128463745117,"z":3.1141085624694826},"rotation":{"x":0.031073622405529023,"y":-0.4165436327457428,"z":-0.01424730010330677,"w":-0.9084845185279846},"size":5.024855613708496,"orthographic":false}